city,bedrooms,year,month,price,day,date
Abu Dhabi,3.0,2017,10,3050000.0,1,2017-10-01
Abu Dhabi,1.0,2017,10,1078000.0,1,2017-10-01
Abu Dhabi,4.0,2017,12,3202500.0,1,2017-12-01
Abu Dhabi,3.0,2017,12,2845000.0,1,2017-12-01
Abu Dhabi,0.0,2017,12,450000.0,1,2017-12-01
Abu Dhabi,6.0,2017,12,14000000.0,1,2017-12-01
Abu Dhabi,2.0,2018,1,1870000.0,1,2018-01-01
Abu Dhabi,6.0,2018,1,10900000.0,1,2018-01-01
Abu Dhabi,1.0,2018,2,2271000.0,1,2018-02-01
Abu Dhabi,3.0,2018,2,4481270.0,1,2018-02-01
Abu Dhabi,3.0,2018,3,3340000.0,1,2018-03-01
Abu Dhabi,5.0,2018,3,1900000.0,1,2018-03-01
Abu Dhabi,2.0,2018,3,2050000.0,1,2018-03-01
Abu Dhabi,4.0,2018,3,2650000.0,1,2018-03-01
Abu Dhabi,1.0,2018,3,1949000.0,1,2018-03-01
Abu Dhabi,,2018,4,78166666.66666667,1,2018-04-01
Abu Dhabi,2.0,2018,4,2239000.0,1,2018-04-01
Abu Dhabi,7.0,2018,4,9200000.0,1,2018-04-01
Abu Dhabi,1.0,2018,4,900000.0,1,2018-04-01
Abu Dhabi,3.0,2018,5,3016666.666666666,1,2018-05-01
Abu Dhabi,1.0,2018,5,999999.0,1,2018-05-01
Abu Dhabi,,2018,5,8500000.0,1,2018-05-01
Abu Dhabi,8.0,2018,5,7500000.0,1,2018-05-01
Abu Dhabi,2.0,2018,5,999000.0,1,2018-05-01
Abu Dhabi,8.0,2018,6,6650000.0,1,2018-06-01
Abu Dhabi,3.0,2018,6,1190000.0,1,2018-06-01
Abu Dhabi,4.0,2018,6,7200000.0,1,2018-06-01
Abu Dhabi,5.0,2018,6,7000000.0,1,2018-06-01
Abu Dhabi,7.0,2018,7,7066666.666666668,1,2018-07-01
Abu Dhabi,5.0,2018,7,18950000.0,1,2018-07-01
Abu Dhabi,,2018,7,45200000.0,1,2018-07-01
Abu Dhabi,4.0,2018,7,4862500.0,1,2018-07-01
Abu Dhabi,3.0,2018,7,2900000.0,1,2018-07-01
Abu Dhabi,8.0,2018,7,6000000.0,1,2018-07-01
Abu Dhabi,1.0,2018,7,1310000.0,1,2018-07-01
Abu Dhabi,2.0,2018,7,2999000.0,1,2018-07-01
Abu Dhabi,3.0,2018,8,2150000.0,1,2018-08-01
Abu Dhabi,2.0,2018,8,1555000.0,1,2018-08-01
Abu Dhabi,4.0,2018,8,4524999.5,1,2018-08-01
Abu Dhabi,0.0,2018,8,575000.0,1,2018-08-01
Abu Dhabi,,2018,8,40260000.0,1,2018-08-01
Abu Dhabi,,2018,9,30450000.0,1,2018-09-01
Abu Dhabi,3.0,2018,9,1774999.5,1,2018-09-01
Abu Dhabi,5.0,2018,9,5600000.0,1,2018-09-01
Abu Dhabi,2.0,2018,9,1459000.0,1,2018-09-01
Abu Dhabi,1.0,2018,9,1091500.0,1,2018-09-01
Abu Dhabi,8.0,2018,9,9500000.0,1,2018-09-01
Abu Dhabi,4.0,2018,9,3390000.0,1,2018-09-01
Abu Dhabi,,2018,10,8160000.0,1,2018-10-01
Abu Dhabi,3.0,2018,10,1657056.0,1,2018-10-01
Abu Dhabi,1.0,2018,10,2570000.0,1,2018-10-01
Abu Dhabi,2.0,2018,10,1312500.0,1,2018-10-01
Abu Dhabi,5.0,2018,11,9999999.0,1,2018-11-01
Abu Dhabi,,2018,11,4966666.666666667,1,2018-11-01
Abu Dhabi,7.0,2018,11,15000000.0,1,2018-11-01
Abu Dhabi,3.0,2018,11,2749500.0,1,2018-11-01
Abu Dhabi,8.0,2018,11,25000000.0,1,2018-11-01
Abu Dhabi,1.0,2018,12,680000.0,1,2018-12-01
Abu Dhabi,2.0,2018,12,1936000.0,1,2018-12-01
Abu Dhabi,8.0,2018,12,9000000.0,1,2018-12-01
Abu Dhabi,,2018,12,4900000.0,1,2018-12-01
Abu Dhabi,5.0,2018,12,9250000.0,1,2018-12-01
Abu Dhabi,3.0,2018,12,1900000.0,1,2018-12-01
Abu Dhabi,3.0,2019,1,3384333.333333333,1,2019-01-01
Abu Dhabi,6.0,2019,1,15000000.0,1,2019-01-01
Abu Dhabi,1.0,2019,1,900800.0,1,2019-01-01
Abu Dhabi,5.0,2019,1,9983266.666666666,1,2019-01-01
Abu Dhabi,2.0,2019,1,2625000.0,1,2019-01-01
Abu Dhabi,4.0,2019,1,5848750.0,1,2019-01-01
Abu Dhabi,3.0,2019,2,2662500.0,1,2019-02-01
Abu Dhabi,0.0,2019,2,727592.3333333335,1,2019-02-01
Abu Dhabi,2.0,2019,2,1240499.6,1,2019-02-01
Abu Dhabi,,2019,2,8375000.0,1,2019-02-01
Abu Dhabi,8.0,2019,2,14750000.0,1,2019-02-01
Abu Dhabi,5.0,2019,2,10000000.0,1,2019-02-01
Abu Dhabi,6.0,2019,2,15877777.0,1,2019-02-01
Abu Dhabi,7.0,2019,2,4900000.0,1,2019-02-01
Abu Dhabi,4.0,2019,2,4988472.125,1,2019-02-01
Abu Dhabi,0.0,2019,3,740000.0,1,2019-03-01
Abu Dhabi,,2019,3,12471500.0,1,2019-03-01
Abu Dhabi,4.0,2019,3,6762500.0,1,2019-03-01
Abu Dhabi,1.0,2019,3,1070955.4,1,2019-03-01
Abu Dhabi,8.0,2019,3,6850000.0,1,2019-03-01
Abu Dhabi,2.0,2019,3,1552910.8,1,2019-03-01
Abu Dhabi,5.0,2019,3,7618700.0,1,2019-03-01
Abu Dhabi,3.0,2019,3,3528722.125,1,2019-03-01
Abu Dhabi,6.0,2019,3,8500000.0,1,2019-03-01
Abu Dhabi,7.0,2019,3,9500000.0,1,2019-03-01
Abu Dhabi,4.0,2019,4,11343592.333333336,1,2019-04-01
Abu Dhabi,,2019,4,10383333.333333334,1,2019-04-01
Abu Dhabi,1.0,2019,4,1226666.666666667,1,2019-04-01
Abu Dhabi,2.0,2019,4,1724999.888888889,1,2019-04-01
Abu Dhabi,5.0,2019,4,11125326.166666666,1,2019-04-01
Abu Dhabi,3.0,2019,4,2638592.333333333,1,2019-04-01
Abu Dhabi,7.0,2019,4,6100000.0,1,2019-04-01
Abu Dhabi,3.0,2019,5,3318000.0,1,2019-05-01
Abu Dhabi,2.0,2019,5,1585833.166666667,1,2019-05-01
Abu Dhabi,5.0,2019,5,12662259.0,1,2019-05-01
Abu Dhabi,,2019,5,1403777.0,1,2019-05-01
Abu Dhabi,8.0,2019,5,17000000.0,1,2019-05-01
Abu Dhabi,4.0,2019,5,3873444.125,1,2019-05-01
Abu Dhabi,7.0,2019,6,16750000.0,1,2019-06-01
Abu Dhabi,6.0,2019,6,13000000.0,1,2019-06-01
Abu Dhabi,5.0,2019,6,4455000.0,1,2019-06-01
Abu Dhabi,1.0,2019,6,2058333.333333333,1,2019-06-01
Abu Dhabi,,2019,6,14742857.142857146,1,2019-06-01
Abu Dhabi,3.0,2019,6,2585195.363636364,1,2019-06-01
Abu Dhabi,4.0,2019,6,4000000.0,1,2019-06-01
Abu Dhabi,2.0,2019,6,1593370.125,1,2019-06-01
Abu Dhabi,,2019,7,34728200.0,1,2019-07-01
Abu Dhabi,3.0,2019,7,2917279.571428572,1,2019-07-01
Abu Dhabi,1.0,2019,7,872400.0,1,2019-07-01
Abu Dhabi,7.0,2019,7,13666666.666666664,1,2019-07-01
Abu Dhabi,5.0,2019,7,10748644.142857144,1,2019-07-01
Abu Dhabi,4.0,2019,7,4187099.9,1,2019-07-01
Abu Dhabi,6.0,2019,7,25366666.66666667,1,2019-07-01
Abu Dhabi,2.0,2019,7,1465000.0,1,2019-07-01
Abu Dhabi,5.0,2019,8,9842666.555555556,1,2019-08-01
Abu Dhabi,3.0,2019,8,2285530.666666666,1,2019-08-01
Abu Dhabi,0.0,2019,8,470000.0,1,2019-08-01
Abu Dhabi,2.0,2019,8,1424142.7142857143,1,2019-08-01
Abu Dhabi,4.0,2019,8,3362499.5,1,2019-08-01
Abu Dhabi,6.0,2019,8,9025000.0,1,2019-08-01
Abu Dhabi,7.0,2019,8,14000000.0,1,2019-08-01
Abu Dhabi,,2019,8,16720000.0,1,2019-08-01
Abu Dhabi,1.0,2019,8,749500.0,1,2019-08-01
Abu Dhabi,5.0,2019,9,13313209.8,1,2019-09-01
Abu Dhabi,2.0,2019,9,1507373.1052631582,1,2019-09-01
Abu Dhabi,,2019,9,10398702.5,1,2019-09-01
Abu Dhabi,3.0,2019,9,2687655.4210526315,1,2019-09-01
Abu Dhabi,7.0,2019,9,16875000.0,1,2019-09-01
Abu Dhabi,1.0,2019,9,931349.7857142857,1,2019-09-01
Abu Dhabi,6.0,2019,9,17575000.0,1,2019-09-01
Abu Dhabi,4.0,2019,9,4816428.571428572,1,2019-09-01
Abu Dhabi,0.0,2019,9,560000.0,1,2019-09-01
Abu Dhabi,2.0,2019,10,1499375.6190476192,1,2019-10-01
Abu Dhabi,8.0,2019,10,8380000.0,1,2019-10-01
Abu Dhabi,6.0,2019,10,7450000.0,1,2019-10-01
Abu Dhabi,7.0,2019,10,12999999.0,1,2019-10-01
Abu Dhabi,5.0,2019,10,8892500.0,1,2019-10-01
Abu Dhabi,1.0,2019,10,1113662.896551724,1,2019-10-01
Abu Dhabi,3.0,2019,10,2624673.363636364,1,2019-10-01
Abu Dhabi,,2019,10,20021052.63157895,1,2019-10-01
Abu Dhabi,4.0,2019,10,5432062.222222222,1,2019-10-01
Abu Dhabi,0.0,2019,10,691600.0,1,2019-10-01
Abu Dhabi,8.0,2019,11,6000000.0,1,2019-11-01
Abu Dhabi,0.0,2019,11,644883.2,1,2019-11-01
Abu Dhabi,3.0,2019,11,2357559.325,1,2019-11-01
Abu Dhabi,2.0,2019,11,1535453.3934426229,1,2019-11-01
Abu Dhabi,,2019,11,10373384.2,1,2019-11-01
Abu Dhabi,4.0,2019,11,4502774.0606060615,1,2019-11-01
Abu Dhabi,6.0,2019,11,16441666.5,1,2019-11-01
Abu Dhabi,7.0,2019,11,13814285.42857143,1,2019-11-01
Abu Dhabi,5.0,2019,11,7980673.625,1,2019-11-01
Abu Dhabi,1.0,2019,11,985148.9803921569,1,2019-11-01
Abu Dhabi,,2019,12,6621489.714285715,1,2019-12-01
Abu Dhabi,4.0,2019,12,6060526.176470588,1,2019-12-01
Abu Dhabi,5.0,2019,12,7660989.4117647065,1,2019-12-01
Abu Dhabi,6.0,2019,12,17876022.1,1,2019-12-01
Abu Dhabi,0.0,2019,12,562541.3,1,2019-12-01
Abu Dhabi,8.0,2019,12,9700000.0,1,2019-12-01
Abu Dhabi,7.0,2019,12,16981607.0,1,2019-12-01
Abu Dhabi,1.0,2019,12,966877.8125,1,2019-12-01
Abu Dhabi,3.0,2019,12,2801620.3703703703,1,2019-12-01
Abu Dhabi,2.0,2019,12,1723143.0,1,2019-12-01
Abu Dhabi,1.0,2020,1,1020334.4634146341,1,2020-01-01
Abu Dhabi,8.0,2020,1,6600000.0,1,2020-01-01
Abu Dhabi,4.0,2020,1,4344850.0,1,2020-01-01
Abu Dhabi,2.0,2020,1,1408275.3076923075,1,2020-01-01
Abu Dhabi,3.0,2020,1,2896587.125,1,2020-01-01
Abu Dhabi,7.0,2020,1,10450000.0,1,2020-01-01
Abu Dhabi,0.0,2020,1,548452.5,1,2020-01-01
Abu Dhabi,6.0,2020,1,11000000.0,1,2020-01-01
Abu Dhabi,5.0,2020,1,8983784.8,1,2020-01-01
Abu Dhabi,,2020,1,4797630.0,1,2020-01-01
Abu Dhabi,6.0,2020,2,13890000.0,1,2020-02-01
Abu Dhabi,3.0,2020,2,2866632.8243243243,1,2020-02-01
Abu Dhabi,8.0,2020,2,6500000.0,1,2020-02-01
Abu Dhabi,2.0,2020,2,1644115.3,1,2020-02-01
Abu Dhabi,5.0,2020,2,10332661.0,1,2020-02-01
Abu Dhabi,1.0,2020,2,973216.71875,1,2020-02-01
Abu Dhabi,0.0,2020,2,596109.2222222221,1,2020-02-01
Abu Dhabi,7.0,2020,2,21916500.0,1,2020-02-01
Abu Dhabi,4.0,2020,2,5075391.951219512,1,2020-02-01
Abu Dhabi,,2020,2,3505412.625,1,2020-02-01
Abu Dhabi,0.0,2020,3,686402.947368421,1,2020-03-01
Abu Dhabi,7.0,2020,3,12274277.7,1,2020-03-01
Abu Dhabi,1.0,2020,3,1159513.3482142857,1,2020-03-01
Abu Dhabi,6.0,2020,3,10942543.055555556,1,2020-03-01
Abu Dhabi,2.0,2020,3,1633643.6086956519,1,2020-03-01
Abu Dhabi,8.0,2020,3,8321875.0,1,2020-03-01
Abu Dhabi,4.0,2020,3,3951778.418918919,1,2020-03-01
Abu Dhabi,,2020,3,10006691.653061224,1,2020-03-01
Abu Dhabi,5.0,2020,3,7825681.125,1,2020-03-01
Abu Dhabi,3.0,2020,3,2977575.3760683765,1,2020-03-01
Abu Dhabi,3.0,2020,4,2817850.795180723,1,2020-04-01
Abu Dhabi,8.0,2020,4,8257142.857142857,1,2020-04-01
Abu Dhabi,0.0,2020,4,690598.2307692308,1,2020-04-01
Abu Dhabi,,2020,4,3947073.0357142864,1,2020-04-01
Abu Dhabi,7.0,2020,4,10851586.857142856,1,2020-04-01
Abu Dhabi,5.0,2020,4,9433292.566666666,1,2020-04-01
Abu Dhabi,2.0,2020,4,1526167.6029411762,1,2020-04-01
Abu Dhabi,4.0,2020,4,4323394.038461538,1,2020-04-01
Abu Dhabi,1.0,2020,4,1132147.9649122807,1,2020-04-01
Abu Dhabi,6.0,2020,4,10025308.555555556,1,2020-04-01
Abu Dhabi,4.0,2020,5,4814895.833333333,1,2020-05-01
Abu Dhabi,6.0,2020,5,13720000.0,1,2020-05-01
Abu Dhabi,7.0,2020,5,17750000.0,1,2020-05-01
Abu Dhabi,2.0,2020,5,1653639.817204301,1,2020-05-01
Abu Dhabi,5.0,2020,5,9281752.108695652,1,2020-05-01
Abu Dhabi,0.0,2020,5,599521.4166666665,1,2020-05-01
Abu Dhabi,,2020,5,9752647.111111112,1,2020-05-01
Abu Dhabi,3.0,2020,5,2876616.3898305083,1,2020-05-01
Abu Dhabi,1.0,2020,5,1007778.5714285716,1,2020-05-01
Abu Dhabi,8.0,2020,5,16000000.0,1,2020-05-01
Abu Dhabi,7.0,2020,6,9871428.57142857,1,2020-06-01
Abu Dhabi,4.0,2020,6,4770460.03125,1,2020-06-01
Abu Dhabi,6.0,2020,6,11368025.26923077,1,2020-06-01
Abu Dhabi,2.0,2020,6,1525426.364661654,1,2020-06-01
Abu Dhabi,,2020,6,4705819.23364486,1,2020-06-01
Abu Dhabi,5.0,2020,6,7823797.392156863,1,2020-06-01
Abu Dhabi,0.0,2020,6,607547.6666666665,1,2020-06-01
Abu Dhabi,1.0,2020,6,1018024.6987951808,1,2020-06-01
Abu Dhabi,3.0,2020,6,2503856.8871794874,1,2020-06-01
Abu Dhabi,8.0,2020,6,8581578.921052631,1,2020-06-01
Abu Dhabi,5.0,2020,7,8113747.8359375,1,2020-07-01
Abu Dhabi,7.0,2020,7,12547309.921052633,1,2020-07-01
Abu Dhabi,2.0,2020,7,1497297.0397111913,1,2020-07-01
Abu Dhabi,8.0,2020,7,11912962.962962965,1,2020-07-01
Abu Dhabi,4.0,2020,7,4868614.397849462,1,2020-07-01
Abu Dhabi,3.0,2020,7,2593041.8870292893,1,2020-07-01
Abu Dhabi,0.0,2020,7,557822.469387755,1,2020-07-01
Abu Dhabi,,2020,7,6989391.174757281,1,2020-07-01
Abu Dhabi,6.0,2020,7,11062121.159090908,1,2020-07-01
Abu Dhabi,1.0,2020,7,899801.0057803469,1,2020-07-01
Ajman,1.0,2017,3,155000.0,1,2017-03-01
Ajman,1.0,2018,11,250000.0,1,2018-11-01
Ajman,2.0,2018,11,320000.0,1,2018-11-01
Ajman,2.0,2019,2,260000.0,1,2019-02-01
Ajman,1.0,2019,2,215000.0,1,2019-02-01
Ajman,2.0,2019,3,290000.0,1,2019-03-01
Ajman,1.0,2019,3,442500.0,1,2019-03-01
Ajman,5.0,2019,4,1800000.0,1,2019-04-01
Ajman,2.0,2019,5,1102000.0,1,2019-05-01
Ajman,2.0,2019,7,310000.0,1,2019-07-01
Ajman,1.0,2019,9,442000.0,1,2019-09-01
Ajman,2.0,2019,9,225000.0,1,2019-09-01
Ajman,5.0,2019,10,1124999.5,1,2019-10-01
Ajman,0.0,2019,10,225000.0,1,2019-10-01
Ajman,2.0,2019,10,280000.0,1,2019-10-01
Ajman,1.0,2019,10,283333.33333333326,1,2019-10-01
Ajman,3.0,2019,11,540000.0,1,2019-11-01
Ajman,1.0,2019,11,302500.0,1,2019-11-01
Ajman,,2019,11,583750.0,1,2019-11-01
Ajman,,2019,12,533456.0,1,2019-12-01
Ajman,3.0,2019,12,1028806.6666666665,1,2019-12-01
Ajman,5.0,2019,12,1710000.0,1,2019-12-01
Ajman,1.0,2019,12,365065.75,1,2019-12-01
Ajman,2.0,2019,12,681216.0833333335,1,2019-12-01
Ajman,2.0,2020,1,730000.0,1,2020-01-01
Ajman,1.0,2020,1,220000.0,1,2020-01-01
Ajman,5.0,2020,1,1485800.0,1,2020-01-01
Ajman,7.0,2020,1,1900000.0,1,2020-01-01
Ajman,2.0,2020,2,559500.0,1,2020-02-01
Ajman,5.0,2020,2,1566764.705882353,1,2020-02-01
Ajman,3.0,2020,2,496666.66666666674,1,2020-02-01
Ajman,3.0,2020,3,550000.0,1,2020-03-01
Ajman,7.0,2020,3,3800000.0,1,2020-03-01
Ajman,1.0,2020,3,287037.9,1,2020-03-01
Ajman,5.0,2020,3,1394842.105263158,1,2020-03-01
Ajman,6.0,2020,3,1425000.0,1,2020-03-01
Ajman,2.0,2020,3,365909.09090909094,1,2020-03-01
Ajman,,2020,3,350000.0,1,2020-03-01
Ajman,4.0,2020,4,883333.3333333335,1,2020-04-01
Ajman,1.0,2020,4,418416.83333333326,1,2020-04-01
Ajman,6.0,2020,4,2250000.0,1,2020-04-01
Ajman,8.0,2020,4,900000.0,1,2020-04-01
Ajman,3.0,2020,4,1362718.0,1,2020-04-01
Ajman,,2020,4,257000.0,1,2020-04-01
Ajman,2.0,2020,4,608780.0,1,2020-04-01
Ajman,5.0,2020,4,1425416.666666667,1,2020-04-01
Ajman,0.0,2020,5,193125.0,1,2020-05-01
Ajman,4.0,2020,5,880833.3333333335,1,2020-05-01
Ajman,1.0,2020,5,247187.5,1,2020-05-01
Ajman,6.0,2020,5,1732500.0,1,2020-05-01
Ajman,3.0,2020,5,540000.0,1,2020-05-01
Ajman,5.0,2020,5,1518333.333333333,1,2020-05-01
Ajman,,2020,5,941500.0,1,2020-05-01
Ajman,2.0,2020,5,409368.4210526316,1,2020-05-01
Ajman,5.0,2020,6,1589942.1404958675,1,2020-06-01
Ajman,3.0,2020,6,777035.5555555555,1,2020-06-01
Ajman,,2020,6,2110142.8653846155,1,2020-06-01
Ajman,0.0,2020,6,220576.84210526317,1,2020-06-01
Ajman,7.0,2020,6,2600000.0,1,2020-06-01
Ajman,4.0,2020,6,1155602.0,1,2020-06-01
Ajman,6.0,2020,6,2040000.0,1,2020-06-01
Ajman,2.0,2020,6,591852.262295082,1,2020-06-01
Ajman,1.0,2020,6,355969.45,1,2020-06-01
Ajman,6.0,2020,7,2111000.0,1,2020-07-01
Ajman,4.0,2020,7,1094000.0,1,2020-07-01
Ajman,3.0,2020,7,788037.0370370371,1,2020-07-01
Ajman,5.0,2020,7,1595781.9,1,2020-07-01
Ajman,1.0,2020,7,9142305.289473685,1,2020-07-01
Ajman,,2020,7,1611150.0779220778,1,2020-07-01
Ajman,0.0,2020,7,228132.16666666663,1,2020-07-01
Ajman,2.0,2020,7,520574.2903225807,1,2020-07-01
Al Ain,8.0,2020,2,2900000.0,1,2020-02-01
Al Ain,,2020,2,6000000.0,1,2020-02-01
Al Ain,3.0,2020,4,1400000.0,1,2020-04-01
Al Ain,4.0,2020,6,5700000.0,1,2020-06-01
Al Ain,5.0,2020,6,4950000.0,1,2020-06-01
Al Ain,,2020,6,1750000.0,1,2020-06-01
Al Ain,8.0,2020,6,2950000.0,1,2020-06-01
Al Ain,8.0,2020,7,4500000.0,1,2020-07-01
Al Ain,7.0,2020,7,3800000.0,1,2020-07-01
Al Ain,,2020,7,2340000.0,1,2020-07-01
Dubai,6.0,2015,12,38000000.0,1,2015-12-01
Dubai,5.0,2017,5,14000000.0,1,2017-05-01
Dubai,1.0,2017,5,1000000.0,1,2017-05-01
Dubai,3.0,2017,6,2650000.0,1,2017-06-01
Dubai,1.0,2017,7,850000.0,1,2017-07-01
Dubai,3.0,2017,8,1775000.0,1,2017-08-01
Dubai,2.0,2017,9,1800000.0,1,2017-09-01
Dubai,3.0,2017,9,5738888.5,1,2017-09-01
Dubai,4.0,2017,10,2700000.0,1,2017-10-01
Dubai,5.0,2017,10,16000000.0,1,2017-10-01
Dubai,3.0,2017,11,2051666.666666667,1,2017-11-01
Dubai,1.0,2017,11,560000.0,1,2017-11-01
Dubai,6.0,2017,11,21500000.0,1,2017-11-01
Dubai,2.0,2017,11,1649999.5,1,2017-11-01
Dubai,,2017,11,35000000.0,1,2017-11-01
Dubai,1.0,2017,12,869888.0,1,2017-12-01
Dubai,2.0,2017,12,3150000.0,1,2017-12-01
Dubai,5.0,2017,12,20000000.0,1,2017-12-01
Dubai,4.0,2017,12,3850000.0,1,2017-12-01
Dubai,0.0,2017,12,400000.0,1,2017-12-01
Dubai,2.0,2018,1,1127500.0,1,2018-01-01
Dubai,0.0,2018,1,1077777.0,1,2018-01-01
Dubai,5.0,2018,1,2599999.0,1,2018-01-01
Dubai,,2018,1,34850000.0,1,2018-01-01
Dubai,4.0,2018,1,8500000.0,1,2018-01-01
Dubai,2.0,2018,2,3547413.0,1,2018-02-01
Dubai,5.0,2018,2,5400000.0,1,2018-02-01
Dubai,4.0,2018,2,9428594.666666666,1,2018-02-01
Dubai,1.0,2018,2,1915433.5,1,2018-02-01
Dubai,8.0,2018,2,57499999.5,1,2018-02-01
Dubai,3.0,2018,2,2450000.0,1,2018-02-01
Dubai,2.0,2018,3,2567963.0714285714,1,2018-03-01
Dubai,5.0,2018,3,11633165.0,1,2018-03-01
Dubai,6.0,2018,3,20416416.5,1,2018-03-01
Dubai,3.0,2018,3,2867551.066666667,1,2018-03-01
Dubai,4.0,2018,3,6600000.0,1,2018-03-01
Dubai,,2018,3,15500000.0,1,2018-03-01
Dubai,1.0,2018,3,940000.0,1,2018-03-01
Dubai,0.0,2018,3,1310000.0,1,2018-03-01
Dubai,2.0,2018,4,3983678.6842105263,1,2018-04-01
Dubai,1.0,2018,4,1367250.0,1,2018-04-01
Dubai,3.0,2018,4,4492699.9,1,2018-04-01
Dubai,4.0,2018,4,12964356.25,1,2018-04-01
Dubai,,2018,4,105600200.0,1,2018-04-01
Dubai,5.0,2018,4,11875000.0,1,2018-04-01
Dubai,0.0,2018,4,777499.0,1,2018-04-01
Dubai,0.0,2018,5,428888.0,1,2018-05-01
Dubai,1.0,2018,5,920833.3333333335,1,2018-05-01
Dubai,2.0,2018,5,1968499.833333333,1,2018-05-01
Dubai,5.0,2018,5,6200000.0,1,2018-05-01
Dubai,7.0,2018,5,125000000.0,1,2018-05-01
Dubai,3.0,2018,5,2920000.0,1,2018-05-01
Dubai,3.0,2018,6,2837668.6,1,2018-06-01
Dubai,0.0,2018,6,633944.0,1,2018-06-01
Dubai,1.0,2018,6,780444.0,1,2018-06-01
Dubai,4.0,2018,6,2583316.666666666,1,2018-06-01
Dubai,5.0,2018,6,5850000.0,1,2018-06-01
Dubai,,2018,6,16020100.0,1,2018-06-01
Dubai,2.0,2018,6,4907414.0,1,2018-06-01
Dubai,4.0,2018,7,11950000.0,1,2018-07-01
Dubai,0.0,2018,7,469058.0,1,2018-07-01
Dubai,5.0,2018,7,3766625.666666666,1,2018-07-01
Dubai,1.0,2018,7,1097864.333333333,1,2018-07-01
Dubai,2.0,2018,7,2035731.8125,1,2018-07-01
Dubai,,2018,7,17687500.0,1,2018-07-01
Dubai,3.0,2018,7,2951038.0,1,2018-07-01
Dubai,4.0,2018,8,5344332.222222222,1,2018-08-01
Dubai,6.0,2018,8,8500000.0,1,2018-08-01
Dubai,0.0,2018,8,1729200.0,1,2018-08-01
Dubai,3.0,2018,8,9965060.0,1,2018-08-01
Dubai,2.0,2018,8,3911293.0,1,2018-08-01
Dubai,5.0,2018,8,10156222.0,1,2018-08-01
Dubai,1.0,2018,8,2764925.0,1,2018-08-01
Dubai,4.0,2018,9,4994796.875,1,2018-09-01
Dubai,2.0,2018,9,1946379.875,1,2018-09-01
Dubai,6.0,2018,9,5349995.0,1,2018-09-01
Dubai,5.0,2018,9,9942856.857142856,1,2018-09-01
Dubai,1.0,2018,9,1312500.0,1,2018-09-01
Dubai,,2018,9,16486800.0,1,2018-09-01
Dubai,3.0,2018,9,2888611.6,1,2018-09-01
Dubai,0.0,2018,9,613333.3333333335,1,2018-09-01
Dubai,4.0,2018,10,9197866.444444444,1,2018-10-01
Dubai,5.0,2018,10,10526076.923076924,1,2018-10-01
Dubai,6.0,2018,10,12566666.666666664,1,2018-10-01
Dubai,,2018,10,9368250.0,1,2018-10-01
Dubai,1.0,2018,10,1198383.9615384615,1,2018-10-01
Dubai,8.0,2018,10,120000000.0,1,2018-10-01
Dubai,0.0,2018,10,415814.5,1,2018-10-01
Dubai,2.0,2018,10,2644317.909090909,1,2018-10-01
Dubai,3.0,2018,10,5513852.4117647065,1,2018-10-01
Dubai,7.0,2018,10,54530793.5,1,2018-10-01
Dubai,8.0,2018,11,45000000.0,1,2018-11-01
Dubai,6.0,2018,11,7650000.0,1,2018-11-01
Dubai,5.0,2018,11,9901798.0,1,2018-11-01
Dubai,3.0,2018,11,3423578.7142857136,1,2018-11-01
Dubai,2.0,2018,11,2624487.9285714286,1,2018-11-01
Dubai,0.0,2018,11,801500.0,1,2018-11-01
Dubai,,2018,11,22850000.0,1,2018-11-01
Dubai,1.0,2018,11,1596032.4347826086,1,2018-11-01
Dubai,4.0,2018,11,9236551.25,1,2018-11-01
Dubai,7.0,2018,12,12500000.0,1,2018-12-01
Dubai,6.0,2018,12,16033333.333333336,1,2018-12-01
Dubai,3.0,2018,12,5518532.363636363,1,2018-12-01
Dubai,1.0,2018,12,1395055.3846153843,1,2018-12-01
Dubai,2.0,2018,12,2126794.7058823532,1,2018-12-01
Dubai,,2018,12,13707178.0,1,2018-12-01
Dubai,0.0,2018,12,535000.0,1,2018-12-01
Dubai,4.0,2018,12,4425000.0,1,2018-12-01
Dubai,5.0,2018,12,6438080.636363638,1,2018-12-01
Dubai,3.0,2019,1,3336113.9375,1,2019-01-01
Dubai,2.0,2019,1,2018994.666666667,1,2019-01-01
Dubai,5.0,2019,1,8429376.6,1,2019-01-01
Dubai,4.0,2019,1,6680062.375,1,2019-01-01
Dubai,,2019,1,33791750.0,1,2019-01-01
Dubai,0.0,2019,1,652500.0,1,2019-01-01
Dubai,6.0,2019,1,21697093.75,1,2019-01-01
Dubai,1.0,2019,1,1449732.0,1,2019-01-01
Dubai,4.0,2019,2,4452980.5,1,2019-02-01
Dubai,0.0,2019,2,752500.0,1,2019-02-01
Dubai,3.0,2019,2,2973222.058823529,1,2019-02-01
Dubai,2.0,2019,2,2254495.333333333,1,2019-02-01
Dubai,,2019,2,7412500.0,1,2019-02-01
Dubai,7.0,2019,2,39000000.0,1,2019-02-01
Dubai,8.0,2019,2,35900000.0,1,2019-02-01
Dubai,5.0,2019,2,13274231.25,1,2019-02-01
Dubai,1.0,2019,2,1065687.923076923,1,2019-02-01
Dubai,6.0,2019,2,16687706.727272727,1,2019-02-01
Dubai,1.0,2019,3,1212514.0322580645,1,2019-03-01
Dubai,6.0,2019,3,42666666.66666666,1,2019-03-01
Dubai,3.0,2019,3,3394450.7142857136,1,2019-03-01
Dubai,2.0,2019,3,1918504.0,1,2019-03-01
Dubai,8.0,2019,3,52633333.33333334,1,2019-03-01
Dubai,7.0,2019,3,19299666.666666668,1,2019-03-01
Dubai,4.0,2019,3,4596081.578947368,1,2019-03-01
Dubai,0.0,2019,3,610582.875,1,2019-03-01
Dubai,5.0,2019,3,15402175.88235294,1,2019-03-01
Dubai,,2019,3,23563875.0,1,2019-03-01
Dubai,,2019,4,21922543.2,1,2019-04-01
Dubai,4.0,2019,4,5235019.722222222,1,2019-04-01
Dubai,8.0,2019,4,22200000.0,1,2019-04-01
Dubai,3.0,2019,4,3321996.617647059,1,2019-04-01
Dubai,7.0,2019,4,25122500.0,1,2019-04-01
Dubai,2.0,2019,4,2034361.4444444443,1,2019-04-01
Dubai,1.0,2019,4,1075354.023255814,1,2019-04-01
Dubai,5.0,2019,4,13468157.0,1,2019-04-01
Dubai,0.0,2019,4,527922.8095238096,1,2019-04-01
Dubai,6.0,2019,4,14242624.875,1,2019-04-01
Dubai,6.0,2019,5,7544977.6,1,2019-05-01
Dubai,0.0,2019,5,905275.0,1,2019-05-01
Dubai,3.0,2019,5,3497391.891891892,1,2019-05-01
Dubai,5.0,2019,5,8163329.933333334,1,2019-05-01
Dubai,7.0,2019,5,37999666.66666666,1,2019-05-01
Dubai,4.0,2019,5,4755994.25,1,2019-05-01
Dubai,8.0,2019,5,75000000.0,1,2019-05-01
Dubai,1.0,2019,5,1009965.4047619049,1,2019-05-01
Dubai,2.0,2019,5,2022358.7948717948,1,2019-05-01
Dubai,,2019,5,17487557.0,1,2019-05-01
Dubai,6.0,2019,6,8333333.333333332,1,2019-06-01
Dubai,1.0,2019,6,1058699.5227272727,1,2019-06-01
Dubai,2.0,2019,6,2047584.566037736,1,2019-06-01
Dubai,4.0,2019,6,5254941.0,1,2019-06-01
Dubai,0.0,2019,6,590101.4285714285,1,2019-06-01
Dubai,5.0,2019,6,7734432.7727272725,1,2019-06-01
Dubai,,2019,6,28151674.4,1,2019-06-01
Dubai,3.0,2019,6,3531386.2790697673,1,2019-06-01
Dubai,4.0,2019,7,6186308.0,1,2019-07-01
Dubai,7.0,2019,7,25699799.8,1,2019-07-01
Dubai,2.0,2019,7,2057735.4102564103,1,2019-07-01
Dubai,5.0,2019,7,8908044.88,1,2019-07-01
Dubai,6.0,2019,7,17016920.42857143,1,2019-07-01
Dubai,3.0,2019,7,3635913.073529412,1,2019-07-01
Dubai,1.0,2019,7,1128306.6268656715,1,2019-07-01
Dubai,0.0,2019,7,579582.6842105263,1,2019-07-01
Dubai,,2019,7,25225183.75,1,2019-07-01
Dubai,8.0,2019,7,10000000.0,1,2019-07-01
Dubai,3.0,2019,8,2836391.104166666,1,2019-08-01
Dubai,1.0,2019,8,1098914.558139535,1,2019-08-01
Dubai,4.0,2019,8,5426245.571428572,1,2019-08-01
Dubai,,2019,8,33291469.23076923,1,2019-08-01
Dubai,2.0,2019,8,2326952.216666667,1,2019-08-01
Dubai,5.0,2019,8,5655177.763157895,1,2019-08-01
Dubai,0.0,2019,8,1414346.3529411762,1,2019-08-01
Dubai,6.0,2019,8,11649375.0,1,2019-08-01
Dubai,7.0,2019,8,34499999.666666664,1,2019-08-01
Dubai,2.0,2019,9,1864234.0991735538,1,2019-09-01
Dubai,3.0,2019,9,2958680.362831858,1,2019-09-01
Dubai,1.0,2019,9,1178542.857142857,1,2019-09-01
Dubai,7.0,2019,9,32189677.28571429,1,2019-09-01
Dubai,,2019,9,23472569.714285716,1,2019-09-01
Dubai,5.0,2019,9,7965997.2727272725,1,2019-09-01
Dubai,6.0,2019,9,9661508.47368421,1,2019-09-01
Dubai,4.0,2019,9,7185090.774193549,1,2019-09-01
Dubai,0.0,2019,9,605181.0,1,2019-09-01
Dubai,3.0,2019,10,3116691.9090909087,1,2019-10-01
Dubai,1.0,2019,10,1092372.225,1,2019-10-01
Dubai,4.0,2019,10,7734096.459016394,1,2019-10-01
Dubai,2.0,2019,10,1916036.866666667,1,2019-10-01
Dubai,5.0,2019,10,9999594.66153846,1,2019-10-01
Dubai,7.0,2019,10,34832981.333333336,1,2019-10-01
Dubai,0.0,2019,10,593907.2093023256,1,2019-10-01
Dubai,8.0,2019,10,34159000.0,1,2019-10-01
Dubai,,2019,10,20428894.60714286,1,2019-10-01
Dubai,6.0,2019,10,14268362.5,1,2019-10-01
Dubai,1.0,2019,11,1126487.2628571428,1,2019-11-01
Dubai,6.0,2019,11,13137403.1,1,2019-11-01
Dubai,8.0,2019,11,89000000.0,1,2019-11-01
Dubai,4.0,2019,11,6855679.551401868,1,2019-11-01
Dubai,7.0,2019,11,30766362.45454545,1,2019-11-01
Dubai,5.0,2019,11,6691231.574074074,1,2019-11-01
Dubai,3.0,2019,11,3405732.011428572,1,2019-11-01
Dubai,2.0,2019,11,2253984.1621621624,1,2019-11-01
Dubai,,2019,11,20822886.8,1,2019-11-01
Dubai,0.0,2019,11,660869.8571428572,1,2019-11-01
Dubai,3.0,2019,12,3198335.145985401,1,2019-12-01
Dubai,6.0,2019,12,18006999.933333334,1,2019-12-01
Dubai,7.0,2019,12,30319000.0,1,2019-12-01
Dubai,2.0,2019,12,1988573.5027027028,1,2019-12-01
Dubai,,2019,12,21094622.14814815,1,2019-12-01
Dubai,1.0,2019,12,1059363.90625,1,2019-12-01
Dubai,0.0,2019,12,542905.4516129033,1,2019-12-01
Dubai,8.0,2019,12,63000000.0,1,2019-12-01
Dubai,4.0,2019,12,6651316.076923078,1,2019-12-01
Dubai,5.0,2019,12,8901086.606557377,1,2019-12-01
Dubai,8.0,2020,1,45199998.42857143,1,2020-01-01
Dubai,5.0,2020,1,9087843.50892857,1,2020-01-01
Dubai,,2020,1,27249448.46,1,2020-01-01
Dubai,1.0,2020,1,986110.1929824563,1,2020-01-01
Dubai,6.0,2020,1,17317931.83870968,1,2020-01-01
Dubai,0.0,2020,1,513488.4086021506,1,2020-01-01
Dubai,4.0,2020,1,5985063.101010101,1,2020-01-01
Dubai,2.0,2020,1,1918544.2658610272,1,2020-01-01
Dubai,3.0,2020,1,2829971.3264705883,1,2020-01-01
Dubai,7.0,2020,1,30428442.4,1,2020-01-01
Dubai,5.0,2020,2,8160356.248,1,2020-02-01
Dubai,2.0,2020,2,2014876.2278978392,1,2020-02-01
Dubai,,2020,2,13991561.05882353,1,2020-02-01
Dubai,6.0,2020,2,14290990.06849315,1,2020-02-01
Dubai,3.0,2020,2,2906821.5368663594,1,2020-02-01
Dubai,8.0,2020,2,35999799.8,1,2020-02-01
Dubai,0.0,2020,2,1289729.4601226994,1,2020-02-01
Dubai,7.0,2020,2,25594109.53333333,1,2020-02-01
Dubai,1.0,2020,2,1110633.1343963554,1,2020-02-01
Dubai,4.0,2020,2,6063967.187755102,1,2020-02-01
Dubai,6.0,2020,3,14419295.287671233,1,2020-03-01
Dubai,1.0,2020,3,1025020.4924242423,1,2020-03-01
Dubai,8.0,2020,3,43571428.571428575,1,2020-03-01
Dubai,3.0,2020,3,3130629.165703276,1,2020-03-01
Dubai,0.0,2020,3,648635.2838709677,1,2020-03-01
Dubai,5.0,2020,3,9080968.11627907,1,2020-03-01
Dubai,4.0,2020,3,6540317.322463769,1,2020-03-01
Dubai,7.0,2020,3,34323044.47826087,1,2020-03-01
Dubai,,2020,3,16961624.05882353,1,2020-03-01
Dubai,2.0,2020,3,1898510.5621621625,1,2020-03-01
Dubai,2.0,2020,4,1894455.3956989248,1,2020-04-01
Dubai,7.0,2020,4,27888897.125,1,2020-04-01
Dubai,1.0,2020,4,1080005.160869565,1,2020-04-01
Dubai,5.0,2020,4,10574573.366197184,1,2020-04-01
Dubai,6.0,2020,4,13561075.763636366,1,2020-04-01
Dubai,3.0,2020,4,3008682.173469388,1,2020-04-01
Dubai,0.0,2020,4,1308235.9009009008,1,2020-04-01
Dubai,8.0,2020,4,39754691.2,1,2020-04-01
Dubai,,2020,4,12639788.379310345,1,2020-04-01
Dubai,4.0,2020,4,6593540.148854963,1,2020-04-01
Dubai,4.0,2020,5,5242284.314148681,1,2020-05-01
Dubai,0.0,2020,5,570211.1708542714,1,2020-05-01
Dubai,7.0,2020,5,33988232.583333336,1,2020-05-01
Dubai,,2020,5,16263001.628571428,1,2020-05-01
Dubai,8.0,2020,5,58450000.0,1,2020-05-01
Dubai,3.0,2020,5,2604452.9607843137,1,2020-05-01
Dubai,2.0,2020,5,1752775.2097812097,1,2020-05-01
Dubai,5.0,2020,5,9202876.633333333,1,2020-05-01
Dubai,1.0,2020,5,1104346.3587443947,1,2020-05-01
Dubai,6.0,2020,5,15190826.165137615,1,2020-05-01
Dubai,,2020,6,18606842.6013986,1,2020-06-01
Dubai,8.0,2020,6,30149999.9,1,2020-06-01
Dubai,7.0,2020,6,27386435.2745098,1,2020-06-01
Dubai,3.0,2020,6,2658891.157545605,1,2020-06-01
Dubai,4.0,2020,6,5792906.992614476,1,2020-06-01
Dubai,5.0,2020,6,7712047.826923078,1,2020-06-01
Dubai,1.0,2020,6,1035370.0350404313,1,2020-06-01
Dubai,0.0,2020,6,552089.358662614,1,2020-06-01
Dubai,6.0,2020,6,14129175.292682927,1,2020-06-01
Dubai,2.0,2020,6,1660408.8314516132,1,2020-06-01
Dubai,4.0,2020,7,5870878.49399199,1,2020-07-01
Dubai,2.0,2020,7,1848912.4827067668,1,2020-07-01
Dubai,3.0,2020,7,2851926.407461595,1,2020-07-01
Dubai,,2020,7,17689444.65317919,1,2020-07-01
Dubai,0.0,2020,7,772157.1415094341,1,2020-07-01
Dubai,8.0,2020,7,55108899.38095238,1,2020-07-01
Dubai,1.0,2020,7,1125633.2977396727,1,2020-07-01
Dubai,6.0,2020,7,13612116.06918239,1,2020-07-01
Dubai,5.0,2020,7,9516618.501385042,1,2020-07-01
Dubai,7.0,2020,7,35629085.78461538,1,2020-07-01
Fujairah,2.0,2020,5,1726444.0,1,2020-05-01
Fujairah,5.0,2020,5,11000000.0,1,2020-05-01
Fujairah,3.0,2020,5,2494916.0,1,2020-05-01
Fujairah,4.0,2020,5,4600000.0,1,2020-05-01
Ras Al Khaimah,4.0,2018,2,2342642.0,1,2018-02-01
Ras Al Khaimah,3.0,2018,2,1632432.0,1,2018-02-01
Ras Al Khaimah,4.0,2018,3,2186068.0,1,2018-03-01
Ras Al Khaimah,,2018,3,4266666.666666667,1,2018-03-01
Ras Al Khaimah,2.0,2018,3,1050000.0,1,2018-03-01
Ras Al Khaimah,0.0,2018,3,270000.0,1,2018-03-01
Ras Al Khaimah,3.0,2018,3,1399653.75,1,2018-03-01
Ras Al Khaimah,1.0,2018,4,605122.6666666665,1,2018-04-01
Ras Al Khaimah,3.0,2018,4,2458055.0,1,2018-04-01
Ras Al Khaimah,4.0,2018,4,2400000.0,1,2018-04-01
Ras Al Khaimah,1.0,2018,6,1369680.0,1,2018-06-01
Ras Al Khaimah,1.0,2018,7,780000.0,1,2018-07-01
Ras Al Khaimah,5.0,2018,7,6000000.0,1,2018-07-01
Ras Al Khaimah,2.0,2018,7,1749720.0,1,2018-07-01
Ras Al Khaimah,2.0,2018,8,1020000.0,1,2018-08-01
Ras Al Khaimah,0.0,2018,8,674160.0,1,2018-08-01
Ras Al Khaimah,1.0,2018,8,711000.0,1,2018-08-01
Ras Al Khaimah,4.0,2018,9,6032677.0,1,2018-09-01
Ras Al Khaimah,5.0,2018,9,7342726.0,1,2018-09-01
Ras Al Khaimah,3.0,2018,9,2100000.0,1,2018-09-01
Ras Al Khaimah,2.0,2018,9,1132500.0,1,2018-09-01
Ras Al Khaimah,1.0,2018,10,327500.0,1,2018-10-01
Ras Al Khaimah,3.0,2018,11,1432389.0,1,2018-11-01
Ras Al Khaimah,2.0,2018,11,500000.0,1,2018-11-01
Ras Al Khaimah,1.0,2018,11,680000.0,1,2018-11-01
Ras Al Khaimah,2.0,2018,12,830000.0,1,2018-12-01
Ras Al Khaimah,1.0,2018,12,380000.0,1,2018-12-01
Ras Al Khaimah,3.0,2018,12,1500000.0,1,2018-12-01
Ras Al Khaimah,4.0,2019,1,4234773.0,1,2019-01-01
Ras Al Khaimah,3.0,2019,1,1183333.333333333,1,2019-01-01
Ras Al Khaimah,0.0,2019,1,315000.0,1,2019-01-01
Ras Al Khaimah,1.0,2019,1,690000.0,1,2019-01-01
Ras Al Khaimah,0.0,2019,2,210000.0,1,2019-02-01
Ras Al Khaimah,3.0,2019,3,1840000.0,1,2019-03-01
Ras Al Khaimah,1.0,2019,4,327500.0,1,2019-04-01
Ras Al Khaimah,3.0,2019,5,1107785.333333333,1,2019-05-01
Ras Al Khaimah,1.0,2019,5,541250.0,1,2019-05-01
Ras Al Khaimah,0.0,2019,5,195000.0,1,2019-05-01
Ras Al Khaimah,4.0,2019,5,1550000.0,1,2019-05-01
Ras Al Khaimah,2.0,2019,6,1559082.5,1,2019-06-01
Ras Al Khaimah,0.0,2019,6,330947.5,1,2019-06-01
Ras Al Khaimah,3.0,2019,6,1942573.666666667,1,2019-06-01
Ras Al Khaimah,1.0,2019,6,740266.6666666665,1,2019-06-01
Ras Al Khaimah,2.0,2019,7,1092319.0,1,2019-07-01
Ras Al Khaimah,0.0,2019,7,385589.0,1,2019-07-01
Ras Al Khaimah,,2019,7,15150000.0,1,2019-07-01
Ras Al Khaimah,3.0,2019,7,1436649.5,1,2019-07-01
Ras Al Khaimah,1.0,2019,7,492294.5,1,2019-07-01
Ras Al Khaimah,1.0,2019,8,350000.0,1,2019-08-01
Ras Al Khaimah,0.0,2019,8,210000.0,1,2019-08-01
Ras Al Khaimah,3.0,2019,8,985000.0,1,2019-08-01
Ras Al Khaimah,3.0,2019,9,1143682.0,1,2019-09-01
Ras Al Khaimah,,2019,9,96960000.0,1,2019-09-01
Ras Al Khaimah,4.0,2019,9,1689944.0,1,2019-09-01
Ras Al Khaimah,1.0,2019,9,305000.0,1,2019-09-01
Ras Al Khaimah,2.0,2019,9,621666.6666666665,1,2019-09-01
Ras Al Khaimah,0.0,2019,9,240000.0,1,2019-09-01
Ras Al Khaimah,5.0,2019,10,4182363.0,1,2019-10-01
Ras Al Khaimah,4.0,2019,11,2506000.0,1,2019-11-01
Ras Al Khaimah,1.0,2019,11,455000.0,1,2019-11-01
Ras Al Khaimah,2.0,2019,11,712500.0,1,2019-11-01
Ras Al Khaimah,5.0,2019,11,2690000.0,1,2019-11-01
Ras Al Khaimah,0.0,2019,11,206250.0,1,2019-11-01
Ras Al Khaimah,3.0,2019,11,1025000.0,1,2019-11-01
Ras Al Khaimah,,2019,11,3800000.0,1,2019-11-01
Ras Al Khaimah,0.0,2019,12,270000.0,1,2019-12-01
Ras Al Khaimah,1.0,2019,12,469000.0,1,2019-12-01
Ras Al Khaimah,2.0,2019,12,495000.0,1,2019-12-01
Ras Al Khaimah,4.0,2019,12,1200000.0,1,2019-12-01
Ras Al Khaimah,3.0,2019,12,1974500.0,1,2019-12-01
Ras Al Khaimah,,2020,1,13975000.0,1,2020-01-01
Ras Al Khaimah,5.0,2020,1,7342726.0,1,2020-01-01
Ras Al Khaimah,0.0,2020,1,213570.0,1,2020-01-01
Ras Al Khaimah,1.0,2020,1,442308.7857142858,1,2020-01-01
Ras Al Khaimah,4.0,2020,1,2903783.571428572,1,2020-01-01
Ras Al Khaimah,3.0,2020,1,1320467.583333333,1,2020-01-01
Ras Al Khaimah,2.0,2020,1,1618357.5384615385,1,2020-01-01
Ras Al Khaimah,1.0,2020,2,401344.5,1,2020-02-01
Ras Al Khaimah,0.0,2020,2,220000.0,1,2020-02-01
Ras Al Khaimah,3.0,2020,2,1456250.0,1,2020-02-01
Ras Al Khaimah,4.0,2020,2,1431250.0,1,2020-02-01
Ras Al Khaimah,2.0,2020,2,831333.3333333335,1,2020-02-01
Ras Al Khaimah,5.0,2020,2,8500000.0,1,2020-02-01
Ras Al Khaimah,2.0,2020,3,756521.2,1,2020-03-01
Ras Al Khaimah,1.0,2020,3,458769.8421052632,1,2020-03-01
Ras Al Khaimah,6.0,2020,3,3900000.0,1,2020-03-01
Ras Al Khaimah,4.0,2020,3,1561538.4615384615,1,2020-03-01
Ras Al Khaimah,0.0,2020,3,242499.08333333328,1,2020-03-01
Ras Al Khaimah,5.0,2020,3,3650000.0,1,2020-03-01
Ras Al Khaimah,3.0,2020,3,1136039.25,1,2020-03-01
Ras Al Khaimah,0.0,2020,4,235646.4705882353,1,2020-04-01
Ras Al Khaimah,6.0,2020,4,7900000.0,1,2020-04-01
Ras Al Khaimah,2.0,2020,4,986530.8181818181,1,2020-04-01
Ras Al Khaimah,5.0,2020,4,6900000.0,1,2020-04-01
Ras Al Khaimah,4.0,2020,4,1712999.0,1,2020-04-01
Ras Al Khaimah,3.0,2020,4,1327549.75,1,2020-04-01
Ras Al Khaimah,1.0,2020,4,424514.1142857143,1,2020-04-01
Ras Al Khaimah,0.0,2020,5,267787.1875,1,2020-05-01
Ras Al Khaimah,6.0,2020,5,1750000.0,1,2020-05-01
Ras Al Khaimah,,2020,5,7884375.0,1,2020-05-01
Ras Al Khaimah,4.0,2020,5,1788161.333333333,1,2020-05-01
Ras Al Khaimah,3.0,2020,5,1135000.0,1,2020-05-01
Ras Al Khaimah,5.0,2020,5,5400000.0,1,2020-05-01
Ras Al Khaimah,1.0,2020,5,522647.3684210526,1,2020-05-01
Ras Al Khaimah,2.0,2020,5,876666.1111111111,1,2020-05-01
Ras Al Khaimah,8.0,2020,5,35000000.0,1,2020-05-01
Ras Al Khaimah,8.0,2020,6,3200000.0,1,2020-06-01
Ras Al Khaimah,2.0,2020,6,955125.875,1,2020-06-01
Ras Al Khaimah,3.0,2020,6,1507791.5789473685,1,2020-06-01
Ras Al Khaimah,5.0,2020,6,4778333.333333333,1,2020-06-01
Ras Al Khaimah,0.0,2020,6,224947.8620689655,1,2020-06-01
Ras Al Khaimah,1.0,2020,6,456327.04545454547,1,2020-06-01
Ras Al Khaimah,6.0,2020,6,3274999.75,1,2020-06-01
Ras Al Khaimah,,2020,6,2105139.375,1,2020-06-01
Ras Al Khaimah,4.0,2020,6,2836265.266666666,1,2020-06-01
Ras Al Khaimah,1.0,2020,7,451320.0,1,2020-07-01
Ras Al Khaimah,4.0,2020,7,1986052.5789473685,1,2020-07-01
Ras Al Khaimah,6.0,2020,7,5925099.5,1,2020-07-01
Ras Al Khaimah,5.0,2020,7,5412500.0,1,2020-07-01
Ras Al Khaimah,2.0,2020,7,938123.6,1,2020-07-01
Ras Al Khaimah,0.0,2020,7,250541.20833333328,1,2020-07-01
Ras Al Khaimah,,2020,7,20160000.0,1,2020-07-01
Ras Al Khaimah,3.0,2020,7,1419521.3913043481,1,2020-07-01
Sharjah,2.0,2017,9,1040547.6666666665,1,2017-09-01
Sharjah,2.0,2017,10,798990.0,1,2017-10-01
Sharjah,3.0,2017,11,1800000.0,1,2017-11-01
Sharjah,5.0,2017,11,2800000.0,1,2017-11-01
Sharjah,2.0,2018,2,1146533.0,1,2018-02-01
Sharjah,6.0,2018,4,2545000.0,1,2018-04-01
Sharjah,2.0,2018,5,1080000.0,1,2018-05-01
Sharjah,6.0,2018,5,2149000.0,1,2018-05-01
Sharjah,,2018,5,1117681.75,1,2018-05-01
Sharjah,3.0,2018,8,1150000.0,1,2018-08-01
Sharjah,,2018,10,1060000.0,1,2018-10-01
Sharjah,5.0,2019,1,2900000.0,1,2019-01-01
Sharjah,4.0,2019,2,1900000.0,1,2019-02-01
Sharjah,5.0,2019,2,4500000.0,1,2019-02-01
Sharjah,6.0,2019,3,12500000.0,1,2019-03-01
Sharjah,2.0,2019,3,1156498.0,1,2019-03-01
Sharjah,4.0,2019,3,2562000.0,1,2019-03-01
Sharjah,3.0,2019,3,2321000.0,1,2019-03-01
Sharjah,5.0,2019,3,3741500.0,1,2019-03-01
Sharjah,,2019,5,770000.0,1,2019-05-01
Sharjah,2.0,2019,5,784120.0,1,2019-05-01
Sharjah,5.0,2019,5,3800000.0,1,2019-05-01
Sharjah,4.0,2019,5,2400000.0,1,2019-05-01
Sharjah,,2019,6,20000000.0,1,2019-06-01
Sharjah,1.0,2019,6,570888.0,1,2019-06-01
Sharjah,7.0,2019,6,8000000.0,1,2019-06-01
Sharjah,3.0,2019,7,650000.0,1,2019-07-01
Sharjah,0.0,2019,7,407500.0,1,2019-07-01
Sharjah,2.0,2019,7,849888.0,1,2019-07-01
Sharjah,,2019,8,469214.2,1,2019-08-01
Sharjah,4.0,2019,8,2646282.0,1,2019-08-01
Sharjah,3.0,2019,8,1146231.0,1,2019-08-01
Sharjah,2.0,2019,8,883332.5,1,2019-08-01
Sharjah,2.0,2019,9,700000.0,1,2019-09-01
Sharjah,4.0,2019,9,2298760.666666666,1,2019-09-01
Sharjah,0.0,2019,9,490000.0,1,2019-09-01
Sharjah,1.0,2019,9,575000.0,1,2019-09-01
Sharjah,3.0,2019,9,1699000.0,1,2019-09-01
Sharjah,,2019,10,3908872.0,1,2019-10-01
Sharjah,3.0,2019,10,1545296.0,1,2019-10-01
Sharjah,8.0,2019,10,11500000.0,1,2019-10-01
Sharjah,5.0,2019,10,3120000.0,1,2019-10-01
Sharjah,2.0,2019,10,916444.0,1,2019-10-01
Sharjah,6.0,2019,10,3449000.0,1,2019-10-01
Sharjah,0.0,2019,10,443444.0,1,2019-10-01
Sharjah,4.0,2019,10,2300000.0,1,2019-10-01
Sharjah,3.0,2019,11,612500.0,1,2019-11-01
Sharjah,,2019,11,96750000.0,1,2019-11-01
Sharjah,2.0,2019,11,382500.0,1,2019-11-01
Sharjah,7.0,2019,11,1800000.0,1,2019-11-01
Sharjah,,2019,12,1172000.0,1,2019-12-01
Sharjah,5.0,2019,12,8500000.0,1,2019-12-01
Sharjah,3.0,2019,12,860000.0,1,2019-12-01
Sharjah,2.0,2019,12,547500.0,1,2019-12-01
Sharjah,4.0,2020,1,2149666.666666666,1,2020-01-01
Sharjah,2.0,2020,1,664444.4444444445,1,2020-01-01
Sharjah,0.0,2020,1,315000.0,1,2020-01-01
Sharjah,3.0,2020,1,1094333.333333333,1,2020-01-01
Sharjah,,2020,1,386648.5,1,2020-01-01
Sharjah,1.0,2020,1,416250.0,1,2020-01-01
Sharjah,3.0,2020,2,931250.0,1,2020-02-01
Sharjah,0.0,2020,2,331000.0,1,2020-02-01
Sharjah,1.0,2020,2,644500.0,1,2020-02-01
Sharjah,6.0,2020,2,4500000.0,1,2020-02-01
Sharjah,2.0,2020,2,608296.0,1,2020-02-01
Sharjah,5.0,2020,2,3449999.5,1,2020-02-01
Sharjah,4.0,2020,2,1825000.0,1,2020-02-01
Sharjah,,2020,2,9304973.666666666,1,2020-02-01
Sharjah,5.0,2020,3,3308479.6,1,2020-03-01
Sharjah,4.0,2020,3,2050000.0,1,2020-03-01
Sharjah,,2020,3,6950000.0,1,2020-03-01
Sharjah,3.0,2020,3,1299737.5,1,2020-03-01
Sharjah,1.0,2020,3,450000.0,1,2020-03-01
Sharjah,2.0,2020,3,666979.875,1,2020-03-01
Sharjah,6.0,2020,3,3899999.5,1,2020-03-01
Sharjah,8.0,2020,4,850000.0,1,2020-04-01
Sharjah,,2020,4,65535000.0,1,2020-04-01
Sharjah,6.0,2020,4,9000000.0,1,2020-04-01
Sharjah,2.0,2020,4,790245.125,1,2020-04-01
Sharjah,1.0,2020,4,450000.0,1,2020-04-01
Sharjah,5.0,2020,4,2600000.0,1,2020-04-01
Sharjah,3.0,2020,4,1055141.7142857143,1,2020-04-01
Sharjah,0.0,2020,4,399800.0,1,2020-04-01
Sharjah,5.0,2020,5,3100000.0,1,2020-05-01
Sharjah,0.0,2020,5,387148.0,1,2020-05-01
Sharjah,,2020,5,5718200.0,1,2020-05-01
Sharjah,1.0,2020,5,561750.0,1,2020-05-01
Sharjah,4.0,2020,5,2178964.285714286,1,2020-05-01
Sharjah,2.0,2020,5,774040.5714285716,1,2020-05-01
Sharjah,6.0,2020,5,3325000.0,1,2020-05-01
Sharjah,3.0,2020,5,993090.9090909092,1,2020-05-01
Sharjah,3.0,2020,6,1095068.3076923077,1,2020-06-01
Sharjah,1.0,2020,6,453055.35714285716,1,2020-06-01
Sharjah,4.0,2020,6,2284464.285714286,1,2020-06-01
Sharjah,,2020,6,666666.6666666665,1,2020-06-01
Sharjah,7.0,2020,6,1300000.0,1,2020-06-01
Sharjah,0.0,2020,6,348629.33333333326,1,2020-06-01
Sharjah,2.0,2020,6,641766.1052631579,1,2020-06-01
Sharjah,5.0,2020,6,2905636.3636363638,1,2020-06-01
Sharjah,6.0,2020,6,24231881.66666667,1,2020-06-01
Sharjah,0.0,2020,7,379681.33333333326,1,2020-07-01
Sharjah,7.0,2020,7,1790000.0,1,2020-07-01
Sharjah,6.0,2020,7,2775000.0,1,2020-07-01
Sharjah,4.0,2020,7,2457800.0,1,2020-07-01
Sharjah,8.0,2020,7,2575000.0,1,2020-07-01
Sharjah,1.0,2020,7,485126.85714285716,1,2020-07-01
Sharjah,3.0,2020,7,1294640.894736842,1,2020-07-01
Sharjah,,2020,7,3001200.0,1,2020-07-01
Sharjah,2.0,2020,7,762116.5,1,2020-07-01
Sharjah,5.0,2020,7,2994922.545454545,1,2020-07-01
Umm Al Quwain,3.0,2019,9,1100000.0,1,2019-09-01
